NOME;TEMPO;STATUS;Z
AnaliseDeSensibilidade_ProducaoBazaara.lp;0,000000;SOL OTIMA;287,917738;
AnaliseSensibilidade_Ex1Caderno.lp;0,000000;SOL OTIMA;6000,000000;
assignment.lp;0,000000;SOL OTIMA;532,000000;
AviaoCargaPorcentagem_var1.lp;0,000000;SOL OTIMA;809,230769;
CarcaoGas.lp;0,000000;SOL OTIMA;2800,000000;
Dantzig_1_4_ChickenAndEgg.lp;0,000000;SOL OTIMA;1320,000000;
FleetSizingInputCS2.lp;1,000000;SOL OTIMA;9800,000000;
FleetSizingInputCSV.lp;71,000000;SOL OTIMA;13600,000000;
FleetSizingInputCSV1.lp;2,000000;SOL OTIMA;9800,000000;
knapsack.lp;5,000000;SOL OTIMA;563647,000000;
M1.lp;0,000000;SOL OTIMA;6000,000000;
M4.lp;0,000000;SOL OTIMA;6000,000000;
M6.lp;0,000000;SOL OTIMA;6000,000000;
setcover.lp;0,000000;SOL OTIMA;253,000000;
TSP.lp;0,000000;SOL OTIMA;2085,000000;
